{
    "neck" : 1,
    "shoulder" : 2,
    "chest" : 3,
    "lower_chest" : 4,
    "center" : 5,
    "waist" : 6,
    "buttock" : 7,
    "circumference_of_the_thighs" : 8,
    "length_of_thighs" : 9,
    "leg_length" : 10,
    "trunk_length" : 11,
    "total" : 12,
    "physique" : "thin,medium,fat",
    "body_length" : "tall,medium,short",
    "neck_t" : "short_neck,tall_neck,medium_neck",
    "shoulders" : "proportion,small,wide",
    "shoulders_shape" : "curved,acute_angles",
    "repel" : "small,proportion,big",
    "the_middle" : "unspecific,specific,fat",
    "the_abdomen" : "flat,medium,fat",
    "trunk" : "down_middle,high_middle,proportional_middle",
    "buttocks" : "flat_buttocks,proportional_buttocks,notable_buttocks,big_buttocks",
    "the_thighs" : "thighs_proportion,medium_thighs,big_thighs",
    "leg" : "tall_leg,short_leg,proportional_leg",
    "leg_muscle" : "thin_muscle,medium_muscle,big_muscle"
}